{"cameraMode":{"drawMode":0,"name":"Shaded","section":"Shading Mode"},"sceneLighting":false,"audioPlay":false,"sceneViewState":{"m_AlwaysRefresh":false,"showFog":true,"showSkybox":false,"showFlares":true,"showImageEffects":true,"showParticleSystems":true,"showVisualEffectGraphs":true,"m_FxEnabled":true},"in2DMode":false,"pivot":{"x":-25.405780792236329,"y":-14.532201766967774,"z":49.43610382080078},"rotation":{"x":-0.23055879771709443,"y":0.03390448912978172,"z":-0.010302351787686348,"w":-0.9727195501327515},"size":26.132362365722658,"orthographic":false}