{"cameraMode":{"drawMode":0,"name":"Shaded","section":"Shading Mode"},"sceneLighting":false,"audioPlay":false,"sceneViewState":{"m_AlwaysRefresh":false,"showFog":true,"showSkybox":false,"showFlares":true,"showImageEffects":true,"showParticleSystems":true,"showVisualEffectGraphs":true,"m_FxEnabled":true},"in2DMode":false,"pivot":{"x":-0.2800000011920929,"y":0.27399998903274538,"z":-3.1600000858306886},"rotation":{"x":-0.2215653359889984,"y":-0.33884143829345705,"z":0.07886411994695664,"w":-0.9113316535949707},"size":3.1841917037963869,"orthographic":false}