{"cameraMode":{"drawMode":0,"name":"Shaded","section":"Shading Mode"},"sceneLighting":true,"audioPlay":false,"sceneViewState":{"m_AlwaysRefresh":false,"showFog":true,"showSkybox":false,"showFlares":true,"showImageEffects":true,"showParticleSystems":true,"showVisualEffectGraphs":true,"m_FxEnabled":true},"in2DMode":false,"pivot":{"x":-0.2685837745666504,"y":11.893769264221192,"z":-14.711014747619629},"rotation":{"x":-0.15745434165000916,"y":-0.13832418620586396,"z":0.019836846739053727,"w":-0.9778944849967957},"size":8.175280570983887,"orthographic":false}