{"cameraMode":{"drawMode":0,"name":"Shaded","section":"Shading Mode"},"sceneLighting":false,"audioPlay":false,"sceneViewState":{"m_AlwaysRefresh":false,"showFog":true,"showSkybox":false,"showFlares":true,"showImageEffects":true,"showParticleSystems":true,"showVisualEffectGraphs":true,"m_FxEnabled":true},"in2DMode":false,"pivot":{"x":-20.033126831054689,"y":1.0700010061264039,"z":12.52679443359375},"rotation":{"x":-0.15745434165000916,"y":-0.13832418620586396,"z":0.019836846739053727,"w":-0.9778944849967957},"size":14.142135620117188,"orthographic":false}