{"cameraMode":{"drawMode":0,"name":"Shaded","section":"Shading Mode"},"sceneLighting":false,"audioPlay":false,"sceneViewState":{"m_AlwaysRefresh":false,"showFog":true,"showSkybox":false,"showFlares":true,"showImageEffects":true,"showParticleSystems":true,"showVisualEffectGraphs":true,"m_FxEnabled":true},"in2DMode":false,"pivot":{"x":7.62898588180542,"y":6.475872039794922,"z":17.904998779296876},"rotation":{"x":0.08182068169116974,"y":-0.8856569528579712,"z":0.1711040586233139,"w":0.423936128616333},"size":0.000017320508050033823,"orthographic":false}